{
	"pools": [




		{"rolls": {"min": 0,"max": 1},"entries": [
			{"type": "item","weight": 15,"name": "minecraft:gold_nugget","functions": [{"function": "set_count","count": {"min": 1,"max": 1}},{"function": "set_nbt","tag": "{display:{Name:'{\"text\":\"Power Ring 1\",\"color\":\"gray\",\"italic\":false}',Lore:['{\"text\":\"Increased attack damage at the cost of mining speed.\",\"color\":\"white\",\"italic\":false}']},CustomModelData:6370001,wasd.ring:1b}"}]},
			{"type": "item","weight": 7,"name": "minecraft:gold_nugget","functions": [{"function": "set_count","count": {"min": 1,"max": 1}},{"function": "set_nbt","tag": "{display:{Name:'{\"text\":\"Power Ring 2\",\"color\":\"yellow\",\"italic\":false}',Lore:['{\"text\":\"Increased attack damage at the cost of mining speed.\",\"color\":\"white\",\"italic\":false}']},CustomModelData:6370002,wasd.ring:1b}"}]},
			{"type": "item","weight": 3,"name": "minecraft:gold_nugget","functions": [{"function": "set_count","count": {"min": 1,"max": 1}},{"function": "set_nbt","tag": "{display:{Name:'{\"text\":\"Power Ring 3\",\"color\":\"gold\",\"italic\":false}',Lore:['{\"text\":\"Increased attack damage at the cost of mining speed.\",\"color\":\"white\",\"italic\":false}']},CustomModelData:6370003,wasd.ring:1b}"}]},
			{"type": "item","weight": 15,"name": "minecraft:gold_nugget","functions": [{"function": "set_count","count": {"min": 1,"max": 1}},{"function": "set_nbt","tag": "{display:{Name:'{\"text\":\"Armor Ring 1\",\"color\":\"gray\",\"italic\":false}',Lore:['{\"text\":\"Increased defense at the cost of attack damage.\",\"color\":\"white\",\"italic\":false}']},CustomModelData:6370004,wasd.ring:1b}"}]},
			{"type": "item","weight": 7,"name": "minecraft:gold_nugget","functions": [{"function": "set_count","count": {"min": 1,"max": 1}},{"function": "set_nbt","tag": "{display:{Name:'{\"text\":\"Armor Ring 2\",\"color\":\"yellow\",\"italic\":false}',Lore:['{\"text\":\"Increased defense at the cost of attack damage.\",\"color\":\"white\",\"italic\":false}']},CustomModelData:6370005,wasd.ring:1b}"}]},
			{"type": "item","weight": 3,"name": "minecraft:gold_nugget","functions": [{"function": "set_count","count": {"min": 1,"max": 1}},{"function": "set_nbt","tag": "{display:{Name:'{\"text\":\"Armor Ring 3\",\"color\":\"gold\",\"italic\":false}',Lore:['{\"text\":\"Increased defense at the cost of attack damage.\",\"color\":\"white\",\"italic\":false}']},CustomModelData:6370006,wasd.ring:1b}"}]},
			{"type": "item","weight": 7,"name": "minecraft:gold_nugget","functions": [{"function": "set_count","count": {"min": 1,"max": 1}},{"function": "set_nbt","tag": "{display:{Name:'{\"text\":\"Red Ring\",\"color\":\"yellow\",\"italic\":false}',Lore:['{\"text\":\"Attack damage increased.\",\"color\":\"white\",\"italic\":false}']},CustomModelData:6370007,wasd.ring:1b}"}]},
			{"type": "item","weight": 3,"name": "minecraft:gold_nugget","functions": [{"function": "set_count","count": {"min": 1,"max": 1}},{"function": "set_nbt","tag": "{display:{Name:'{\"text\":\"Blue Ring\",\"color\":\"yellow\",\"italic\":false}',Lore:['{\"text\":\"Defense Increased.\",\"color\":\"white\",\"italic\":false}']},CustomModelData:6370008,wasd.ring:1b}"}]},
			{"type": "item","weight": 7,"name": "minecraft:gold_nugget","functions": [{"function": "set_count","count": {"min": 1,"max": 1}},{"function": "set_nbt","tag": "{display:{Name:'{\"text\":\"Green Ring\",\"color\":\"yellow\",\"italic\":false}',Lore:['{\"text\":\"Magic regeneration increased. Requires The WASD Magic Meter.\",\"color\":\"white\",\"italic\":false}']},CustomModelData:6370009,wasd.ring:1b}"}]},
			{"type": "item","weight": 7,"name": "minecraft:gold_nugget","functions": [{"function": "set_count","count": {"min": 1,"max": 1}},{"function": "set_nbt","tag": "{display:{Name:'{\"text\":\"Heart Ring 1\",\"color\":\"gold\",\"italic\":false}',Lore:['{\"text\":\"Slow health regeneration.\",\"color\":\"white\",\"italic\":false}']},CustomModelData:6370010,wasd.ring:1b}"}]},
			{"type": "item","weight": 7,"name": "minecraft:gold_nugget","functions": [{"function": "set_count","count": {"min": 1,"max": 1}},{"function": "set_nbt","tag": "{display:{Name:'{\"text\":\"Heart Ring 2\",\"color\":\"red\",\"italic\":false}',Lore:['{\"text\":\"Health regeneration.\",\"color\":\"white\",\"italic\":false}']},CustomModelData:6370011,wasd.ring:1b}"}]},
			{"type": "item","weight": 3,"name": "minecraft:gold_nugget","functions": [{"function": "set_count","count": {"min": 1,"max": 1}},{"function": "set_nbt","tag": "{display:{Name:'{\"text\":\"Swimmer\\'s Ring\",\"color\":\"yellow\",\"italic\":false}',Lore:['{\"text\":\"Breath underwater.\",\"color\":\"white\",\"italic\":false}']},CustomModelData:6370012,wasd.ring:1b}"}]},
			{"type": "item","weight": 1,"name": "minecraft:gold_nugget","functions": [{"function": "set_count","count": {"min": 1,"max": 1}},{"function": "set_nbt","tag": "{display:{Name:'{\"text\":\"Zora Ring\",\"color\":\"red\",\"italic\":false}',Lore:['{\"text\":\"Breath and sight underwater.\",\"color\":\"white\",\"italic\":false}']},CustomModelData:6370013,wasd.ring:1b}"}]},
			{"type": "item","weight": 7,"name": "minecraft:gold_nugget","functions": [{"function": "set_count","count": {"min": 1,"max": 1}},{"function": "set_nbt","tag": "{display:{Name:'{\"text\":\"Bombproof Ring\",\"color\":\"gold\",\"italic\":false}',Lore:['{\"text\":\"Take no damage from player caused explosions.\",\"color\":\"white\",\"italic\":false}']},CustomModelData:6370014,wasd.ring:1b}"}]},
			{"type": "item","weight": 1,"name": "minecraft:gold_nugget","functions": [{"function": "set_count","count": {"min": 1,"max": 1}},{"function": "set_nbt","tag": "{display:{Name:'{\"text\":\"Fireproof Ring 1\",\"color\":\"yellow\",\"italic\":false}',Lore:['{\"text\":\"Take no fire damage. Not as effective in lava.\",\"color\":\"white\",\"italic\":false}']},CustomModelData:6370015,wasd.ring:1b}"}]},
			{"type": "item","weight": 1,"name": "minecraft:gold_nugget","functions": [{"function": "set_count","count": {"min": 1,"max": 1}},{"function": "set_nbt","tag": "{display:{Name:'{\"text\":\"Fireproof Ring 2\",\"color\":\"red\",\"italic\":false}',Lore:['{\"text\":\"Take no fire or lava damage.\",\"color\":\"white\",\"italic\":false}']},CustomModelData:6370016,wasd.ring:1b}"}]},
			{"type": "item","weight": 7,"name": "minecraft:gold_nugget","functions": [{"function": "set_count","count": {"min": 1,"max": 1}},{"function": "set_nbt","tag": "{display:{Name:'{\"text\":\"Iceproof Ring\",\"color\":\"yellow\",\"italic\":false}',Lore:['{\"text\":\"Cannot be frozen. Requires other WASD Packs.\",\"color\":\"white\",\"italic\":false}']},CustomModelData:6370017,wasd.ring:1b}"}]},
			{"type": "item","weight": 7,"name": "minecraft:gold_nugget","functions": [{"function": "set_count","count": {"min": 1,"max": 1}},{"function": "set_nbt","tag": "{display:{Name:'{\"text\":\"Lightningproof Ring\",\"color\":\"yellow\",\"italic\":false}',Lore:['{\"text\":\"Cannot be electrically stunned. Requires other WASD Packs.\",\"color\":\"white\",\"italic\":false}']},CustomModelData:6370018,wasd.ring:1b}"}]},
			{"type": "item","weight": 3,"name": "minecraft:gold_nugget","functions": [{"function": "set_count","count": {"min": 1,"max": 1}},{"function": "set_nbt","tag": "{display:{Name:'{\"text\":\"Green Joy Ring\",\"color\":\"gold\",\"italic\":false}',Lore:['{\"text\":\"Increased Mining Speed.\",\"color\":\"white\",\"italic\":false}']},CustomModelData:6370019,wasd.ring:1b}"}]},
			{"type": "item","weight": 1,"name": "minecraft:gold_nugget","functions": [{"function": "set_count","count": {"min": 1,"max": 1}},{"function": "set_nbt","tag": "{display:{Name:'{\"text\":\"Discovery Ring\",\"color\":\"red\",\"italic\":false}',Lore:['{\"text\":\"Faster Increased Mining Speed.\",\"color\":\"white\",\"italic\":false}']},CustomModelData:6370020,wasd.ring:1b}"}]},
			{"type": "item","weight": 3,"name": "minecraft:gold_nugget","functions": [{"function": "set_count","count": {"min": 1,"max": 1}},{"function": "set_nbt","tag": "{display:{Name:'{\"text\":\"Pegasus Ring\",\"color\":\"gold\",\"italic\":false}',Lore:['{\"text\":\"Increased Run Speed.\",\"color\":\"white\",\"italic\":false}']},CustomModelData:6370021,wasd.ring:1b}"}]},
			{"type": "item","weight": 1,"name": "minecraft:gold_nugget","functions": [{"function": "set_count","count": {"min": 1,"max": 1}},{"function": "set_nbt","tag": "{display:{Name:'{\"text\":\"Gold Luck Ring\",\"color\":\"red\",\"italic\":false}',Lore:['{\"text\":\"Fall damage resistance.\",\"color\":\"white\",\"italic\":false}']},CustomModelData:6370022,wasd.ring:1b}"}]},
			{"type": "item","weight": 3,"name": "minecraft:gold_nugget","functions": [{"function": "set_count","count": {"min": 1,"max": 1}},{"function": "set_nbt","tag": "{display:{Name:'{\"text\":\"Steadfast Ring\",\"color\":\"gold\",\"italic\":false}',Lore:['{\"text\":\"Knockback Resistance.\",\"color\":\"white\",\"italic\":false}']},CustomModelData:6370023,wasd.ring:1b,AttributeModifiers:[{AttributeName:\"generic.knockback_resistance\",Name:\"generic.knockback_resistance\",Amount:10,Operation:0,UUID:[I;-1517231481,-1110160549,-2086960886,902505444],Slot:\"offhand\"}]}"}]}
		],
		"conditions": [
			{
			  "condition": "minecraft:entity_scores",
			  "entity": "this",
			  "scores": {
				"wasd.ring_chance": 0
			  }
			},
			{
				"condition": "minecraft:random_chance",
				"chance": 0.1
			}
		  ]},

		{"rolls": {"min": 0,"max": 1},"entries": [
			{"type": "item","weight": 15,"name": "minecraft:gold_nugget","functions": [{"function": "set_count","count": {"min": 1,"max": 1}},{"function": "set_nbt","tag": "{display:{Name:'{\"text\":\"Power Ring 1\",\"color\":\"gray\",\"italic\":false}',Lore:['{\"text\":\"Increased attack damage at the cost of mining speed.\",\"color\":\"white\",\"italic\":false}']},CustomModelData:6370001,wasd.ring:1b}"}]},
			{"type": "item","weight": 7,"name": "minecraft:gold_nugget","functions": [{"function": "set_count","count": {"min": 1,"max": 1}},{"function": "set_nbt","tag": "{display:{Name:'{\"text\":\"Power Ring 2\",\"color\":\"yellow\",\"italic\":false}',Lore:['{\"text\":\"Increased attack damage at the cost of mining speed.\",\"color\":\"white\",\"italic\":false}']},CustomModelData:6370002,wasd.ring:1b}"}]},
			{"type": "item","weight": 3,"name": "minecraft:gold_nugget","functions": [{"function": "set_count","count": {"min": 1,"max": 1}},{"function": "set_nbt","tag": "{display:{Name:'{\"text\":\"Power Ring 3\",\"color\":\"gold\",\"italic\":false}',Lore:['{\"text\":\"Increased attack damage at the cost of mining speed.\",\"color\":\"white\",\"italic\":false}']},CustomModelData:6370003,wasd.ring:1b}"}]},
			{"type": "item","weight": 15,"name": "minecraft:gold_nugget","functions": [{"function": "set_count","count": {"min": 1,"max": 1}},{"function": "set_nbt","tag": "{display:{Name:'{\"text\":\"Armor Ring 1\",\"color\":\"gray\",\"italic\":false}',Lore:['{\"text\":\"Increased defense at the cost of attack damage.\",\"color\":\"white\",\"italic\":false}']},CustomModelData:6370004,wasd.ring:1b}"}]},
			{"type": "item","weight": 7,"name": "minecraft:gold_nugget","functions": [{"function": "set_count","count": {"min": 1,"max": 1}},{"function": "set_nbt","tag": "{display:{Name:'{\"text\":\"Armor Ring 2\",\"color\":\"yellow\",\"italic\":false}',Lore:['{\"text\":\"Increased defense at the cost of attack damage.\",\"color\":\"white\",\"italic\":false}']},CustomModelData:6370005,wasd.ring:1b}"}]},
			{"type": "item","weight": 3,"name": "minecraft:gold_nugget","functions": [{"function": "set_count","count": {"min": 1,"max": 1}},{"function": "set_nbt","tag": "{display:{Name:'{\"text\":\"Armor Ring 3\",\"color\":\"gold\",\"italic\":false}',Lore:['{\"text\":\"Increased defense at the cost of attack damage.\",\"color\":\"white\",\"italic\":false}']},CustomModelData:6370006,wasd.ring:1b}"}]},
			{"type": "item","weight": 7,"name": "minecraft:gold_nugget","functions": [{"function": "set_count","count": {"min": 1,"max": 1}},{"function": "set_nbt","tag": "{display:{Name:'{\"text\":\"Red Ring\",\"color\":\"yellow\",\"italic\":false}',Lore:['{\"text\":\"Attack damage increased.\",\"color\":\"white\",\"italic\":false}']},CustomModelData:6370007,wasd.ring:1b}"}]},
			{"type": "item","weight": 3,"name": "minecraft:gold_nugget","functions": [{"function": "set_count","count": {"min": 1,"max": 1}},{"function": "set_nbt","tag": "{display:{Name:'{\"text\":\"Blue Ring\",\"color\":\"yellow\",\"italic\":false}',Lore:['{\"text\":\"Defense Increased.\",\"color\":\"white\",\"italic\":false}']},CustomModelData:6370008,wasd.ring:1b}"}]},
			{"type": "item","weight": 7,"name": "minecraft:gold_nugget","functions": [{"function": "set_count","count": {"min": 1,"max": 1}},{"function": "set_nbt","tag": "{display:{Name:'{\"text\":\"Green Ring\",\"color\":\"yellow\",\"italic\":false}',Lore:['{\"text\":\"Magic regeneration increased. Requires The WASD Magic Meter.\",\"color\":\"white\",\"italic\":false}']},CustomModelData:6370009,wasd.ring:1b}"}]},
			{"type": "item","weight": 7,"name": "minecraft:gold_nugget","functions": [{"function": "set_count","count": {"min": 1,"max": 1}},{"function": "set_nbt","tag": "{display:{Name:'{\"text\":\"Heart Ring 1\",\"color\":\"gold\",\"italic\":false}',Lore:['{\"text\":\"Slow health regeneration.\",\"color\":\"white\",\"italic\":false}']},CustomModelData:6370010,wasd.ring:1b}"}]},
			{"type": "item","weight": 7,"name": "minecraft:gold_nugget","functions": [{"function": "set_count","count": {"min": 1,"max": 1}},{"function": "set_nbt","tag": "{display:{Name:'{\"text\":\"Heart Ring 2\",\"color\":\"red\",\"italic\":false}',Lore:['{\"text\":\"Health regeneration.\",\"color\":\"white\",\"italic\":false}']},CustomModelData:6370011,wasd.ring:1b}"}]},
			{"type": "item","weight": 3,"name": "minecraft:gold_nugget","functions": [{"function": "set_count","count": {"min": 1,"max": 1}},{"function": "set_nbt","tag": "{display:{Name:'{\"text\":\"Swimmer\\'s Ring\",\"color\":\"yellow\",\"italic\":false}',Lore:['{\"text\":\"Breath underwater.\",\"color\":\"white\",\"italic\":false}']},CustomModelData:6370012,wasd.ring:1b}"}]},
			{"type": "item","weight": 1,"name": "minecraft:gold_nugget","functions": [{"function": "set_count","count": {"min": 1,"max": 1}},{"function": "set_nbt","tag": "{display:{Name:'{\"text\":\"Zora Ring\",\"color\":\"red\",\"italic\":false}',Lore:['{\"text\":\"Breath and sight underwater.\",\"color\":\"white\",\"italic\":false}']},CustomModelData:6370013,wasd.ring:1b}"}]},
			{"type": "item","weight": 7,"name": "minecraft:gold_nugget","functions": [{"function": "set_count","count": {"min": 1,"max": 1}},{"function": "set_nbt","tag": "{display:{Name:'{\"text\":\"Bombproof Ring\",\"color\":\"gold\",\"italic\":false}',Lore:['{\"text\":\"Take no damage from player caused explosions.\",\"color\":\"white\",\"italic\":false}']},CustomModelData:6370014,wasd.ring:1b}"}]},
			{"type": "item","weight": 1,"name": "minecraft:gold_nugget","functions": [{"function": "set_count","count": {"min": 1,"max": 1}},{"function": "set_nbt","tag": "{display:{Name:'{\"text\":\"Fireproof Ring 1\",\"color\":\"yellow\",\"italic\":false}',Lore:['{\"text\":\"Take no fire damage. Not as effective in lava.\",\"color\":\"white\",\"italic\":false}']},CustomModelData:6370015,wasd.ring:1b}"}]},
			{"type": "item","weight": 1,"name": "minecraft:gold_nugget","functions": [{"function": "set_count","count": {"min": 1,"max": 1}},{"function": "set_nbt","tag": "{display:{Name:'{\"text\":\"Fireproof Ring 2\",\"color\":\"red\",\"italic\":false}',Lore:['{\"text\":\"Take no fire or lava damage.\",\"color\":\"white\",\"italic\":false}']},CustomModelData:6370016,wasd.ring:1b}"}]},
			{"type": "item","weight": 7,"name": "minecraft:gold_nugget","functions": [{"function": "set_count","count": {"min": 1,"max": 1}},{"function": "set_nbt","tag": "{display:{Name:'{\"text\":\"Iceproof Ring\",\"color\":\"yellow\",\"italic\":false}',Lore:['{\"text\":\"Cannot be frozen. Requires other WASD Packs.\",\"color\":\"white\",\"italic\":false}']},CustomModelData:6370017,wasd.ring:1b}"}]},
			{"type": "item","weight": 7,"name": "minecraft:gold_nugget","functions": [{"function": "set_count","count": {"min": 1,"max": 1}},{"function": "set_nbt","tag": "{display:{Name:'{\"text\":\"Lightningproof Ring\",\"color\":\"yellow\",\"italic\":false}',Lore:['{\"text\":\"Cannot be electrically stunned. Requires other WASD Packs.\",\"color\":\"white\",\"italic\":false}']},CustomModelData:6370018,wasd.ring:1b}"}]},
			{"type": "item","weight": 3,"name": "minecraft:gold_nugget","functions": [{"function": "set_count","count": {"min": 1,"max": 1}},{"function": "set_nbt","tag": "{display:{Name:'{\"text\":\"Green Joy Ring\",\"color\":\"gold\",\"italic\":false}',Lore:['{\"text\":\"Increased Mining Speed.\",\"color\":\"white\",\"italic\":false}']},CustomModelData:6370019,wasd.ring:1b}"}]},
			{"type": "item","weight": 1,"name": "minecraft:gold_nugget","functions": [{"function": "set_count","count": {"min": 1,"max": 1}},{"function": "set_nbt","tag": "{display:{Name:'{\"text\":\"Discovery Ring\",\"color\":\"red\",\"italic\":false}',Lore:['{\"text\":\"Faster Increased Mining Speed.\",\"color\":\"white\",\"italic\":false}']},CustomModelData:6370020,wasd.ring:1b}"}]},
			{"type": "item","weight": 3,"name": "minecraft:gold_nugget","functions": [{"function": "set_count","count": {"min": 1,"max": 1}},{"function": "set_nbt","tag": "{display:{Name:'{\"text\":\"Pegasus Ring\",\"color\":\"gold\",\"italic\":false}',Lore:['{\"text\":\"Increased Run Speed.\",\"color\":\"white\",\"italic\":false}']},CustomModelData:6370021,wasd.ring:1b}"}]},
			{"type": "item","weight": 1,"name": "minecraft:gold_nugget","functions": [{"function": "set_count","count": {"min": 1,"max": 1}},{"function": "set_nbt","tag": "{display:{Name:'{\"text\":\"Gold Luck Ring\",\"color\":\"red\",\"italic\":false}',Lore:['{\"text\":\"Fall damage resistance.\",\"color\":\"white\",\"italic\":false}']},CustomModelData:6370022,wasd.ring:1b}"}]},
			{"type": "item","weight": 3,"name": "minecraft:gold_nugget","functions": [{"function": "set_count","count": {"min": 1,"max": 1}},{"function": "set_nbt","tag": "{display:{Name:'{\"text\":\"Steadfast Ring\",\"color\":\"gold\",\"italic\":false}',Lore:['{\"text\":\"Knockback Resistance.\",\"color\":\"white\",\"italic\":false}']},CustomModelData:6370023,wasd.ring:1b,AttributeModifiers:[{AttributeName:\"generic.knockback_resistance\",Name:\"generic.knockback_resistance\",Amount:10,Operation:0,UUID:[I;-1517231481,-1110160549,-2086960886,902505444],Slot:\"offhand\"}]}"}]}
		],
		"conditions": [
			{
			  "condition": "minecraft:entity_scores",
			  "entity": "this",
			  "scores": {
				"wasd.ring_chance": 1
			  }
			},
			{
				"condition": "minecraft:random_chance",
				"chance": 0.5
			}
		  ]},

		{"rolls": {"min": 0,"max": 1},"entries": [
			{"type": "item","weight": 15,"name": "minecraft:gold_nugget","functions": [{"function": "set_count","count": {"min": 1,"max": 1}},{"function": "set_nbt","tag": "{display:{Name:'{\"text\":\"Power Ring 1\",\"color\":\"gray\",\"italic\":false}',Lore:['{\"text\":\"Increased attack damage at the cost of mining speed.\",\"color\":\"white\",\"italic\":false}']},CustomModelData:6370001,wasd.ring:1b}"}]},
			{"type": "item","weight": 7,"name": "minecraft:gold_nugget","functions": [{"function": "set_count","count": {"min": 1,"max": 1}},{"function": "set_nbt","tag": "{display:{Name:'{\"text\":\"Power Ring 2\",\"color\":\"yellow\",\"italic\":false}',Lore:['{\"text\":\"Increased attack damage at the cost of mining speed.\",\"color\":\"white\",\"italic\":false}']},CustomModelData:6370002,wasd.ring:1b}"}]},
			{"type": "item","weight": 3,"name": "minecraft:gold_nugget","functions": [{"function": "set_count","count": {"min": 1,"max": 1}},{"function": "set_nbt","tag": "{display:{Name:'{\"text\":\"Power Ring 3\",\"color\":\"gold\",\"italic\":false}',Lore:['{\"text\":\"Increased attack damage at the cost of mining speed.\",\"color\":\"white\",\"italic\":false}']},CustomModelData:6370003,wasd.ring:1b}"}]},
			{"type": "item","weight": 15,"name": "minecraft:gold_nugget","functions": [{"function": "set_count","count": {"min": 1,"max": 1}},{"function": "set_nbt","tag": "{display:{Name:'{\"text\":\"Armor Ring 1\",\"color\":\"gray\",\"italic\":false}',Lore:['{\"text\":\"Increased defense at the cost of attack damage.\",\"color\":\"white\",\"italic\":false}']},CustomModelData:6370004,wasd.ring:1b}"}]},
			{"type": "item","weight": 7,"name": "minecraft:gold_nugget","functions": [{"function": "set_count","count": {"min": 1,"max": 1}},{"function": "set_nbt","tag": "{display:{Name:'{\"text\":\"Armor Ring 2\",\"color\":\"yellow\",\"italic\":false}',Lore:['{\"text\":\"Increased defense at the cost of attack damage.\",\"color\":\"white\",\"italic\":false}']},CustomModelData:6370005,wasd.ring:1b}"}]},
			{"type": "item","weight": 3,"name": "minecraft:gold_nugget","functions": [{"function": "set_count","count": {"min": 1,"max": 1}},{"function": "set_nbt","tag": "{display:{Name:'{\"text\":\"Armor Ring 3\",\"color\":\"gold\",\"italic\":false}',Lore:['{\"text\":\"Increased defense at the cost of attack damage.\",\"color\":\"white\",\"italic\":false}']},CustomModelData:6370006,wasd.ring:1b}"}]},
			{"type": "item","weight": 7,"name": "minecraft:gold_nugget","functions": [{"function": "set_count","count": {"min": 1,"max": 1}},{"function": "set_nbt","tag": "{display:{Name:'{\"text\":\"Red Ring\",\"color\":\"yellow\",\"italic\":false}',Lore:['{\"text\":\"Attack damage increased.\",\"color\":\"white\",\"italic\":false}']},CustomModelData:6370007,wasd.ring:1b}"}]},
			{"type": "item","weight": 3,"name": "minecraft:gold_nugget","functions": [{"function": "set_count","count": {"min": 1,"max": 1}},{"function": "set_nbt","tag": "{display:{Name:'{\"text\":\"Blue Ring\",\"color\":\"yellow\",\"italic\":false}',Lore:['{\"text\":\"Defense Increased.\",\"color\":\"white\",\"italic\":false}']},CustomModelData:6370008,wasd.ring:1b}"}]},
			{"type": "item","weight": 7,"name": "minecraft:gold_nugget","functions": [{"function": "set_count","count": {"min": 1,"max": 1}},{"function": "set_nbt","tag": "{display:{Name:'{\"text\":\"Green Ring\",\"color\":\"yellow\",\"italic\":false}',Lore:['{\"text\":\"Magic regeneration increased. Requires The WASD Magic Meter.\",\"color\":\"white\",\"italic\":false}']},CustomModelData:6370009,wasd.ring:1b}"}]},
			{"type": "item","weight": 7,"name": "minecraft:gold_nugget","functions": [{"function": "set_count","count": {"min": 1,"max": 1}},{"function": "set_nbt","tag": "{display:{Name:'{\"text\":\"Heart Ring 1\",\"color\":\"gold\",\"italic\":false}',Lore:['{\"text\":\"Slow health regeneration.\",\"color\":\"white\",\"italic\":false}']},CustomModelData:6370010,wasd.ring:1b}"}]},
			{"type": "item","weight": 7,"name": "minecraft:gold_nugget","functions": [{"function": "set_count","count": {"min": 1,"max": 1}},{"function": "set_nbt","tag": "{display:{Name:'{\"text\":\"Heart Ring 2\",\"color\":\"red\",\"italic\":false}',Lore:['{\"text\":\"Health regeneration.\",\"color\":\"white\",\"italic\":false}']},CustomModelData:6370011,wasd.ring:1b}"}]},
			{"type": "item","weight": 3,"name": "minecraft:gold_nugget","functions": [{"function": "set_count","count": {"min": 1,"max": 1}},{"function": "set_nbt","tag": "{display:{Name:'{\"text\":\"Swimmer\\'s Ring\",\"color\":\"yellow\",\"italic\":false}',Lore:['{\"text\":\"Breath underwater.\",\"color\":\"white\",\"italic\":false}']},CustomModelData:6370012,wasd.ring:1b}"}]},
			{"type": "item","weight": 1,"name": "minecraft:gold_nugget","functions": [{"function": "set_count","count": {"min": 1,"max": 1}},{"function": "set_nbt","tag": "{display:{Name:'{\"text\":\"Zora Ring\",\"color\":\"red\",\"italic\":false}',Lore:['{\"text\":\"Breath and sight underwater.\",\"color\":\"white\",\"italic\":false}']},CustomModelData:6370013,wasd.ring:1b}"}]},
			{"type": "item","weight": 7,"name": "minecraft:gold_nugget","functions": [{"function": "set_count","count": {"min": 1,"max": 1}},{"function": "set_nbt","tag": "{display:{Name:'{\"text\":\"Bombproof Ring\",\"color\":\"gold\",\"italic\":false}',Lore:['{\"text\":\"Take no damage from player caused explosions.\",\"color\":\"white\",\"italic\":false}']},CustomModelData:6370014,wasd.ring:1b}"}]},
			{"type": "item","weight": 1,"name": "minecraft:gold_nugget","functions": [{"function": "set_count","count": {"min": 1,"max": 1}},{"function": "set_nbt","tag": "{display:{Name:'{\"text\":\"Fireproof Ring 1\",\"color\":\"yellow\",\"italic\":false}',Lore:['{\"text\":\"Take no fire damage. Not as effective in lava.\",\"color\":\"white\",\"italic\":false}']},CustomModelData:6370015,wasd.ring:1b}"}]},
			{"type": "item","weight": 1,"name": "minecraft:gold_nugget","functions": [{"function": "set_count","count": {"min": 1,"max": 1}},{"function": "set_nbt","tag": "{display:{Name:'{\"text\":\"Fireproof Ring 2\",\"color\":\"red\",\"italic\":false}',Lore:['{\"text\":\"Take no fire or lava damage.\",\"color\":\"white\",\"italic\":false}']},CustomModelData:6370016,wasd.ring:1b}"}]},
			{"type": "item","weight": 7,"name": "minecraft:gold_nugget","functions": [{"function": "set_count","count": {"min": 1,"max": 1}},{"function": "set_nbt","tag": "{display:{Name:'{\"text\":\"Iceproof Ring\",\"color\":\"yellow\",\"italic\":false}',Lore:['{\"text\":\"Cannot be frozen. Requires other WASD Packs.\",\"color\":\"white\",\"italic\":false}']},CustomModelData:6370017,wasd.ring:1b}"}]},
			{"type": "item","weight": 7,"name": "minecraft:gold_nugget","functions": [{"function": "set_count","count": {"min": 1,"max": 1}},{"function": "set_nbt","tag": "{display:{Name:'{\"text\":\"Lightningproof Ring\",\"color\":\"yellow\",\"italic\":false}',Lore:['{\"text\":\"Cannot be electrically stunned. Requires other WASD Packs.\",\"color\":\"white\",\"italic\":false}']},CustomModelData:6370018,wasd.ring:1b}"}]},
			{"type": "item","weight": 3,"name": "minecraft:gold_nugget","functions": [{"function": "set_count","count": {"min": 1,"max": 1}},{"function": "set_nbt","tag": "{display:{Name:'{\"text\":\"Green Joy Ring\",\"color\":\"gold\",\"italic\":false}',Lore:['{\"text\":\"Increased Mining Speed.\",\"color\":\"white\",\"italic\":false}']},CustomModelData:6370019,wasd.ring:1b}"}]},
			{"type": "item","weight": 1,"name": "minecraft:gold_nugget","functions": [{"function": "set_count","count": {"min": 1,"max": 1}},{"function": "set_nbt","tag": "{display:{Name:'{\"text\":\"Discovery Ring\",\"color\":\"red\",\"italic\":false}',Lore:['{\"text\":\"Faster Increased Mining Speed.\",\"color\":\"white\",\"italic\":false}']},CustomModelData:6370020,wasd.ring:1b}"}]},
			{"type": "item","weight": 3,"name": "minecraft:gold_nugget","functions": [{"function": "set_count","count": {"min": 1,"max": 1}},{"function": "set_nbt","tag": "{display:{Name:'{\"text\":\"Pegasus Ring\",\"color\":\"gold\",\"italic\":false}',Lore:['{\"text\":\"Increased Run Speed.\",\"color\":\"white\",\"italic\":false}']},CustomModelData:6370021,wasd.ring:1b}"}]},
			{"type": "item","weight": 1,"name": "minecraft:gold_nugget","functions": [{"function": "set_count","count": {"min": 1,"max": 1}},{"function": "set_nbt","tag": "{display:{Name:'{\"text\":\"Gold Luck Ring\",\"color\":\"red\",\"italic\":false}',Lore:['{\"text\":\"Fall damage resistance.\",\"color\":\"white\",\"italic\":false}']},CustomModelData:6370022,wasd.ring:1b}"}]},
			{"type": "item","weight": 3,"name": "minecraft:gold_nugget","functions": [{"function": "set_count","count": {"min": 1,"max": 1}},{"function": "set_nbt","tag": "{display:{Name:'{\"text\":\"Steadfast Ring\",\"color\":\"gold\",\"italic\":false}',Lore:['{\"text\":\"Knockback Resistance.\",\"color\":\"white\",\"italic\":false}']},CustomModelData:6370023,wasd.ring:1b,AttributeModifiers:[{AttributeName:\"generic.knockback_resistance\",Name:\"generic.knockback_resistance\",Amount:10,Operation:0,UUID:[I;-1517231481,-1110160549,-2086960886,902505444],Slot:\"offhand\"}]}"}]}
		],
		"conditions": [
			{
			  "condition": "minecraft:entity_scores",
			  "entity": "this",
			  "scores": {
				"wasd.ring_chance": 2
			  }
			}
		  ]},

		{"rolls": {"min": 1,"max": 2},"entries": [
			{"type": "item","weight": 15,"name": "minecraft:gold_nugget","functions": [{"function": "set_count","count": {"min": 1,"max": 1}},{"function": "set_nbt","tag": "{display:{Name:'{\"text\":\"Power Ring 1\",\"color\":\"gray\",\"italic\":false}',Lore:['{\"text\":\"Increased attack damage at the cost of mining speed.\",\"color\":\"white\",\"italic\":false}']},CustomModelData:6370001,wasd.ring:1b}"}]},
			{"type": "item","weight": 7,"name": "minecraft:gold_nugget","functions": [{"function": "set_count","count": {"min": 1,"max": 1}},{"function": "set_nbt","tag": "{display:{Name:'{\"text\":\"Power Ring 2\",\"color\":\"yellow\",\"italic\":false}',Lore:['{\"text\":\"Increased attack damage at the cost of mining speed.\",\"color\":\"white\",\"italic\":false}']},CustomModelData:6370002,wasd.ring:1b}"}]},
			{"type": "item","weight": 3,"name": "minecraft:gold_nugget","functions": [{"function": "set_count","count": {"min": 1,"max": 1}},{"function": "set_nbt","tag": "{display:{Name:'{\"text\":\"Power Ring 3\",\"color\":\"gold\",\"italic\":false}',Lore:['{\"text\":\"Increased attack damage at the cost of mining speed.\",\"color\":\"white\",\"italic\":false}']},CustomModelData:6370003,wasd.ring:1b}"}]},
			{"type": "item","weight": 15,"name": "minecraft:gold_nugget","functions": [{"function": "set_count","count": {"min": 1,"max": 1}},{"function": "set_nbt","tag": "{display:{Name:'{\"text\":\"Armor Ring 1\",\"color\":\"gray\",\"italic\":false}',Lore:['{\"text\":\"Increased defense at the cost of attack damage.\",\"color\":\"white\",\"italic\":false}']},CustomModelData:6370004,wasd.ring:1b}"}]},
			{"type": "item","weight": 7,"name": "minecraft:gold_nugget","functions": [{"function": "set_count","count": {"min": 1,"max": 1}},{"function": "set_nbt","tag": "{display:{Name:'{\"text\":\"Armor Ring 2\",\"color\":\"yellow\",\"italic\":false}',Lore:['{\"text\":\"Increased defense at the cost of attack damage.\",\"color\":\"white\",\"italic\":false}']},CustomModelData:6370005,wasd.ring:1b}"}]},
			{"type": "item","weight": 3,"name": "minecraft:gold_nugget","functions": [{"function": "set_count","count": {"min": 1,"max": 1}},{"function": "set_nbt","tag": "{display:{Name:'{\"text\":\"Armor Ring 3\",\"color\":\"gold\",\"italic\":false}',Lore:['{\"text\":\"Increased defense at the cost of attack damage.\",\"color\":\"white\",\"italic\":false}']},CustomModelData:6370006,wasd.ring:1b}"}]},
			{"type": "item","weight": 7,"name": "minecraft:gold_nugget","functions": [{"function": "set_count","count": {"min": 1,"max": 1}},{"function": "set_nbt","tag": "{display:{Name:'{\"text\":\"Red Ring\",\"color\":\"yellow\",\"italic\":false}',Lore:['{\"text\":\"Attack damage increased.\",\"color\":\"white\",\"italic\":false}']},CustomModelData:6370007,wasd.ring:1b}"}]},
			{"type": "item","weight": 3,"name": "minecraft:gold_nugget","functions": [{"function": "set_count","count": {"min": 1,"max": 1}},{"function": "set_nbt","tag": "{display:{Name:'{\"text\":\"Blue Ring\",\"color\":\"yellow\",\"italic\":false}',Lore:['{\"text\":\"Defense Increased.\",\"color\":\"white\",\"italic\":false}']},CustomModelData:6370008,wasd.ring:1b}"}]},
			{"type": "item","weight": 7,"name": "minecraft:gold_nugget","functions": [{"function": "set_count","count": {"min": 1,"max": 1}},{"function": "set_nbt","tag": "{display:{Name:'{\"text\":\"Green Ring\",\"color\":\"yellow\",\"italic\":false}',Lore:['{\"text\":\"Magic regeneration increased. Requires The WASD Magic Meter.\",\"color\":\"white\",\"italic\":false}']},CustomModelData:6370009,wasd.ring:1b}"}]},
			{"type": "item","weight": 7,"name": "minecraft:gold_nugget","functions": [{"function": "set_count","count": {"min": 1,"max": 1}},{"function": "set_nbt","tag": "{display:{Name:'{\"text\":\"Heart Ring 1\",\"color\":\"gold\",\"italic\":false}',Lore:['{\"text\":\"Slow health regeneration.\",\"color\":\"white\",\"italic\":false}']},CustomModelData:6370010,wasd.ring:1b}"}]},
			{"type": "item","weight": 7,"name": "minecraft:gold_nugget","functions": [{"function": "set_count","count": {"min": 1,"max": 1}},{"function": "set_nbt","tag": "{display:{Name:'{\"text\":\"Heart Ring 2\",\"color\":\"red\",\"italic\":false}',Lore:['{\"text\":\"Health regeneration.\",\"color\":\"white\",\"italic\":false}']},CustomModelData:6370011,wasd.ring:1b}"}]},
			{"type": "item","weight": 3,"name": "minecraft:gold_nugget","functions": [{"function": "set_count","count": {"min": 1,"max": 1}},{"function": "set_nbt","tag": "{display:{Name:'{\"text\":\"Swimmer\\'s Ring\",\"color\":\"yellow\",\"italic\":false}',Lore:['{\"text\":\"Breath underwater.\",\"color\":\"white\",\"italic\":false}']},CustomModelData:6370012,wasd.ring:1b}"}]},
			{"type": "item","weight": 1,"name": "minecraft:gold_nugget","functions": [{"function": "set_count","count": {"min": 1,"max": 1}},{"function": "set_nbt","tag": "{display:{Name:'{\"text\":\"Zora Ring\",\"color\":\"red\",\"italic\":false}',Lore:['{\"text\":\"Breath and sight underwater.\",\"color\":\"white\",\"italic\":false}']},CustomModelData:6370013,wasd.ring:1b}"}]},
			{"type": "item","weight": 7,"name": "minecraft:gold_nugget","functions": [{"function": "set_count","count": {"min": 1,"max": 1}},{"function": "set_nbt","tag": "{display:{Name:'{\"text\":\"Bombproof Ring\",\"color\":\"gold\",\"italic\":false}',Lore:['{\"text\":\"Take no damage from player caused explosions.\",\"color\":\"white\",\"italic\":false}']},CustomModelData:6370014,wasd.ring:1b}"}]},
			{"type": "item","weight": 1,"name": "minecraft:gold_nugget","functions": [{"function": "set_count","count": {"min": 1,"max": 1}},{"function": "set_nbt","tag": "{display:{Name:'{\"text\":\"Fireproof Ring 1\",\"color\":\"yellow\",\"italic\":false}',Lore:['{\"text\":\"Take no fire damage. Not as effective in lava.\",\"color\":\"white\",\"italic\":false}']},CustomModelData:6370015,wasd.ring:1b}"}]},
			{"type": "item","weight": 1,"name": "minecraft:gold_nugget","functions": [{"function": "set_count","count": {"min": 1,"max": 1}},{"function": "set_nbt","tag": "{display:{Name:'{\"text\":\"Fireproof Ring 2\",\"color\":\"red\",\"italic\":false}',Lore:['{\"text\":\"Take no fire or lava damage.\",\"color\":\"white\",\"italic\":false}']},CustomModelData:6370016,wasd.ring:1b}"}]},
			{"type": "item","weight": 7,"name": "minecraft:gold_nugget","functions": [{"function": "set_count","count": {"min": 1,"max": 1}},{"function": "set_nbt","tag": "{display:{Name:'{\"text\":\"Iceproof Ring\",\"color\":\"yellow\",\"italic\":false}',Lore:['{\"text\":\"Cannot be frozen. Requires other WASD Packs.\",\"color\":\"white\",\"italic\":false}']},CustomModelData:6370017,wasd.ring:1b}"}]},
			{"type": "item","weight": 7,"name": "minecraft:gold_nugget","functions": [{"function": "set_count","count": {"min": 1,"max": 1}},{"function": "set_nbt","tag": "{display:{Name:'{\"text\":\"Lightningproof Ring\",\"color\":\"yellow\",\"italic\":false}',Lore:['{\"text\":\"Cannot be electrically stunned. Requires other WASD Packs.\",\"color\":\"white\",\"italic\":false}']},CustomModelData:6370018,wasd.ring:1b}"}]},
			{"type": "item","weight": 3,"name": "minecraft:gold_nugget","functions": [{"function": "set_count","count": {"min": 1,"max": 1}},{"function": "set_nbt","tag": "{display:{Name:'{\"text\":\"Green Joy Ring\",\"color\":\"gold\",\"italic\":false}',Lore:['{\"text\":\"Increased Mining Speed.\",\"color\":\"white\",\"italic\":false}']},CustomModelData:6370019,wasd.ring:1b}"}]},
			{"type": "item","weight": 1,"name": "minecraft:gold_nugget","functions": [{"function": "set_count","count": {"min": 1,"max": 1}},{"function": "set_nbt","tag": "{display:{Name:'{\"text\":\"Discovery Ring\",\"color\":\"red\",\"italic\":false}',Lore:['{\"text\":\"Faster Increased Mining Speed.\",\"color\":\"white\",\"italic\":false}']},CustomModelData:6370020,wasd.ring:1b}"}]},
			{"type": "item","weight": 3,"name": "minecraft:gold_nugget","functions": [{"function": "set_count","count": {"min": 1,"max": 1}},{"function": "set_nbt","tag": "{display:{Name:'{\"text\":\"Pegasus Ring\",\"color\":\"gold\",\"italic\":false}',Lore:['{\"text\":\"Increased Run Speed.\",\"color\":\"white\",\"italic\":false}']},CustomModelData:6370021,wasd.ring:1b}"}]},
			{"type": "item","weight": 1,"name": "minecraft:gold_nugget","functions": [{"function": "set_count","count": {"min": 1,"max": 1}},{"function": "set_nbt","tag": "{display:{Name:'{\"text\":\"Gold Luck Ring\",\"color\":\"red\",\"italic\":false}',Lore:['{\"text\":\"Fall damage resistance.\",\"color\":\"white\",\"italic\":false}']},CustomModelData:6370022,wasd.ring:1b}"}]},
			{"type": "item","weight": 3,"name": "minecraft:gold_nugget","functions": [{"function": "set_count","count": {"min": 1,"max": 1}},{"function": "set_nbt","tag": "{display:{Name:'{\"text\":\"Steadfast Ring\",\"color\":\"gold\",\"italic\":false}',Lore:['{\"text\":\"Knockback Resistance.\",\"color\":\"white\",\"italic\":false}']},CustomModelData:6370023,wasd.ring:1b,AttributeModifiers:[{AttributeName:\"generic.knockback_resistance\",Name:\"generic.knockback_resistance\",Amount:10,Operation:0,UUID:[I;-1517231481,-1110160549,-2086960886,902505444],Slot:\"offhand\"}]}"}]}
		],
		"conditions": [
			{
			  "condition": "minecraft:entity_scores",
			  "entity": "this",
			  "scores": {
				"wasd.ring_chance": 3
			  }
			}
		  ]},

		{"rolls": {"min": 2,"max": 3},"entries": [
			{"type": "item","weight": 15,"name": "minecraft:gold_nugget","functions": [{"function": "set_count","count": {"min": 1,"max": 1}},{"function": "set_nbt","tag": "{display:{Name:'{\"text\":\"Power Ring 1\",\"color\":\"gray\",\"italic\":false}',Lore:['{\"text\":\"Increased attack damage at the cost of mining speed.\",\"color\":\"white\",\"italic\":false}']},CustomModelData:6370001,wasd.ring:1b}"}]},
			{"type": "item","weight": 7,"name": "minecraft:gold_nugget","functions": [{"function": "set_count","count": {"min": 1,"max": 1}},{"function": "set_nbt","tag": "{display:{Name:'{\"text\":\"Power Ring 2\",\"color\":\"yellow\",\"italic\":false}',Lore:['{\"text\":\"Increased attack damage at the cost of mining speed.\",\"color\":\"white\",\"italic\":false}']},CustomModelData:6370002,wasd.ring:1b}"}]},
			{"type": "item","weight": 3,"name": "minecraft:gold_nugget","functions": [{"function": "set_count","count": {"min": 1,"max": 1}},{"function": "set_nbt","tag": "{display:{Name:'{\"text\":\"Power Ring 3\",\"color\":\"gold\",\"italic\":false}',Lore:['{\"text\":\"Increased attack damage at the cost of mining speed.\",\"color\":\"white\",\"italic\":false}']},CustomModelData:6370003,wasd.ring:1b}"}]},
			{"type": "item","weight": 15,"name": "minecraft:gold_nugget","functions": [{"function": "set_count","count": {"min": 1,"max": 1}},{"function": "set_nbt","tag": "{display:{Name:'{\"text\":\"Armor Ring 1\",\"color\":\"gray\",\"italic\":false}',Lore:['{\"text\":\"Increased defense at the cost of attack damage.\",\"color\":\"white\",\"italic\":false}']},CustomModelData:6370004,wasd.ring:1b}"}]},
			{"type": "item","weight": 7,"name": "minecraft:gold_nugget","functions": [{"function": "set_count","count": {"min": 1,"max": 1}},{"function": "set_nbt","tag": "{display:{Name:'{\"text\":\"Armor Ring 2\",\"color\":\"yellow\",\"italic\":false}',Lore:['{\"text\":\"Increased defense at the cost of attack damage.\",\"color\":\"white\",\"italic\":false}']},CustomModelData:6370005,wasd.ring:1b}"}]},
			{"type": "item","weight": 3,"name": "minecraft:gold_nugget","functions": [{"function": "set_count","count": {"min": 1,"max": 1}},{"function": "set_nbt","tag": "{display:{Name:'{\"text\":\"Armor Ring 3\",\"color\":\"gold\",\"italic\":false}',Lore:['{\"text\":\"Increased defense at the cost of attack damage.\",\"color\":\"white\",\"italic\":false}']},CustomModelData:6370006,wasd.ring:1b}"}]},
			{"type": "item","weight": 7,"name": "minecraft:gold_nugget","functions": [{"function": "set_count","count": {"min": 1,"max": 1}},{"function": "set_nbt","tag": "{display:{Name:'{\"text\":\"Red Ring\",\"color\":\"yellow\",\"italic\":false}',Lore:['{\"text\":\"Attack damage increased.\",\"color\":\"white\",\"italic\":false}']},CustomModelData:6370007,wasd.ring:1b}"}]},
			{"type": "item","weight": 3,"name": "minecraft:gold_nugget","functions": [{"function": "set_count","count": {"min": 1,"max": 1}},{"function": "set_nbt","tag": "{display:{Name:'{\"text\":\"Blue Ring\",\"color\":\"yellow\",\"italic\":false}',Lore:['{\"text\":\"Defense Increased.\",\"color\":\"white\",\"italic\":false}']},CustomModelData:6370008,wasd.ring:1b}"}]},
			{"type": "item","weight": 7,"name": "minecraft:gold_nugget","functions": [{"function": "set_count","count": {"min": 1,"max": 1}},{"function": "set_nbt","tag": "{display:{Name:'{\"text\":\"Green Ring\",\"color\":\"yellow\",\"italic\":false}',Lore:['{\"text\":\"Magic regeneration increased. Requires The WASD Magic Meter.\",\"color\":\"white\",\"italic\":false}']},CustomModelData:6370009,wasd.ring:1b}"}]},
			{"type": "item","weight": 7,"name": "minecraft:gold_nugget","functions": [{"function": "set_count","count": {"min": 1,"max": 1}},{"function": "set_nbt","tag": "{display:{Name:'{\"text\":\"Heart Ring 1\",\"color\":\"gold\",\"italic\":false}',Lore:['{\"text\":\"Slow health regeneration.\",\"color\":\"white\",\"italic\":false}']},CustomModelData:6370010,wasd.ring:1b}"}]},
			{"type": "item","weight": 7,"name": "minecraft:gold_nugget","functions": [{"function": "set_count","count": {"min": 1,"max": 1}},{"function": "set_nbt","tag": "{display:{Name:'{\"text\":\"Heart Ring 2\",\"color\":\"red\",\"italic\":false}',Lore:['{\"text\":\"Health regeneration.\",\"color\":\"white\",\"italic\":false}']},CustomModelData:6370011,wasd.ring:1b}"}]},
			{"type": "item","weight": 3,"name": "minecraft:gold_nugget","functions": [{"function": "set_count","count": {"min": 1,"max": 1}},{"function": "set_nbt","tag": "{display:{Name:'{\"text\":\"Swimmer\\'s Ring\",\"color\":\"yellow\",\"italic\":false}',Lore:['{\"text\":\"Breath underwater.\",\"color\":\"white\",\"italic\":false}']},CustomModelData:6370012,wasd.ring:1b}"}]},
			{"type": "item","weight": 1,"name": "minecraft:gold_nugget","functions": [{"function": "set_count","count": {"min": 1,"max": 1}},{"function": "set_nbt","tag": "{display:{Name:'{\"text\":\"Zora Ring\",\"color\":\"red\",\"italic\":false}',Lore:['{\"text\":\"Breath and sight underwater.\",\"color\":\"white\",\"italic\":false}']},CustomModelData:6370013,wasd.ring:1b}"}]},
			{"type": "item","weight": 7,"name": "minecraft:gold_nugget","functions": [{"function": "set_count","count": {"min": 1,"max": 1}},{"function": "set_nbt","tag": "{display:{Name:'{\"text\":\"Bombproof Ring\",\"color\":\"gold\",\"italic\":false}',Lore:['{\"text\":\"Take no damage from player caused explosions.\",\"color\":\"white\",\"italic\":false}']},CustomModelData:6370014,wasd.ring:1b}"}]},
			{"type": "item","weight": 1,"name": "minecraft:gold_nugget","functions": [{"function": "set_count","count": {"min": 1,"max": 1}},{"function": "set_nbt","tag": "{display:{Name:'{\"text\":\"Fireproof Ring 1\",\"color\":\"yellow\",\"italic\":false}',Lore:['{\"text\":\"Take no fire damage. Not as effective in lava.\",\"color\":\"white\",\"italic\":false}']},CustomModelData:6370015,wasd.ring:1b}"}]},
			{"type": "item","weight": 1,"name": "minecraft:gold_nugget","functions": [{"function": "set_count","count": {"min": 1,"max": 1}},{"function": "set_nbt","tag": "{display:{Name:'{\"text\":\"Fireproof Ring 2\",\"color\":\"red\",\"italic\":false}',Lore:['{\"text\":\"Take no fire or lava damage.\",\"color\":\"white\",\"italic\":false}']},CustomModelData:6370016,wasd.ring:1b}"}]},
			{"type": "item","weight": 7,"name": "minecraft:gold_nugget","functions": [{"function": "set_count","count": {"min": 1,"max": 1}},{"function": "set_nbt","tag": "{display:{Name:'{\"text\":\"Iceproof Ring\",\"color\":\"yellow\",\"italic\":false}',Lore:['{\"text\":\"Cannot be frozen. Requires other WASD Packs.\",\"color\":\"white\",\"italic\":false}']},CustomModelData:6370017,wasd.ring:1b}"}]},
			{"type": "item","weight": 7,"name": "minecraft:gold_nugget","functions": [{"function": "set_count","count": {"min": 1,"max": 1}},{"function": "set_nbt","tag": "{display:{Name:'{\"text\":\"Lightningproof Ring\",\"color\":\"yellow\",\"italic\":false}',Lore:['{\"text\":\"Cannot be electrically stunned. Requires other WASD Packs.\",\"color\":\"white\",\"italic\":false}']},CustomModelData:6370018,wasd.ring:1b}"}]},
			{"type": "item","weight": 3,"name": "minecraft:gold_nugget","functions": [{"function": "set_count","count": {"min": 1,"max": 1}},{"function": "set_nbt","tag": "{display:{Name:'{\"text\":\"Green Joy Ring\",\"color\":\"gold\",\"italic\":false}',Lore:['{\"text\":\"Increased Mining Speed.\",\"color\":\"white\",\"italic\":false}']},CustomModelData:6370019,wasd.ring:1b}"}]},
			{"type": "item","weight": 1,"name": "minecraft:gold_nugget","functions": [{"function": "set_count","count": {"min": 1,"max": 1}},{"function": "set_nbt","tag": "{display:{Name:'{\"text\":\"Discovery Ring\",\"color\":\"red\",\"italic\":false}',Lore:['{\"text\":\"Faster Increased Mining Speed.\",\"color\":\"white\",\"italic\":false}']},CustomModelData:6370020,wasd.ring:1b}"}]},
			{"type": "item","weight": 3,"name": "minecraft:gold_nugget","functions": [{"function": "set_count","count": {"min": 1,"max": 1}},{"function": "set_nbt","tag": "{display:{Name:'{\"text\":\"Pegasus Ring\",\"color\":\"gold\",\"italic\":false}',Lore:['{\"text\":\"Increased Run Speed.\",\"color\":\"white\",\"italic\":false}']},CustomModelData:6370021,wasd.ring:1b}"}]},
			{"type": "item","weight": 1,"name": "minecraft:gold_nugget","functions": [{"function": "set_count","count": {"min": 1,"max": 1}},{"function": "set_nbt","tag": "{display:{Name:'{\"text\":\"Gold Luck Ring\",\"color\":\"red\",\"italic\":false}',Lore:['{\"text\":\"Fall damage resistance.\",\"color\":\"white\",\"italic\":false}']},CustomModelData:6370022,wasd.ring:1b}"}]},
			{"type": "item","weight": 3,"name": "minecraft:gold_nugget","functions": [{"function": "set_count","count": {"min": 1,"max": 1}},{"function": "set_nbt","tag": "{display:{Name:'{\"text\":\"Steadfast Ring\",\"color\":\"gold\",\"italic\":false}',Lore:['{\"text\":\"Knockback Resistance.\",\"color\":\"white\",\"italic\":false}']},CustomModelData:6370023,wasd.ring:1b,AttributeModifiers:[{AttributeName:\"generic.knockback_resistance\",Name:\"generic.knockback_resistance\",Amount:10,Operation:0,UUID:[I;-1517231481,-1110160549,-2086960886,902505444],Slot:\"offhand\"}]}"}]}
		],
		"conditions": [
			{
			  "condition": "minecraft:entity_scores",
			  "entity": "this",
			  "scores": {
				"wasd.ring_chance": 4
			  }
			}
		  ]},

		{"rolls": {"min": 3,"max": 5},"entries": [
			{"type": "item","weight": 15,"name": "minecraft:gold_nugget","functions": [{"function": "set_count","count": {"min": 1,"max": 1}},{"function": "set_nbt","tag": "{display:{Name:'{\"text\":\"Power Ring 1\",\"color\":\"gray\",\"italic\":false}',Lore:['{\"text\":\"Increased attack damage at the cost of mining speed.\",\"color\":\"white\",\"italic\":false}']},CustomModelData:6370001,wasd.ring:1b}"}]},
			{"type": "item","weight": 7,"name": "minecraft:gold_nugget","functions": [{"function": "set_count","count": {"min": 1,"max": 1}},{"function": "set_nbt","tag": "{display:{Name:'{\"text\":\"Power Ring 2\",\"color\":\"yellow\",\"italic\":false}',Lore:['{\"text\":\"Increased attack damage at the cost of mining speed.\",\"color\":\"white\",\"italic\":false}']},CustomModelData:6370002,wasd.ring:1b}"}]},
			{"type": "item","weight": 3,"name": "minecraft:gold_nugget","functions": [{"function": "set_count","count": {"min": 1,"max": 1}},{"function": "set_nbt","tag": "{display:{Name:'{\"text\":\"Power Ring 3\",\"color\":\"gold\",\"italic\":false}',Lore:['{\"text\":\"Increased attack damage at the cost of mining speed.\",\"color\":\"white\",\"italic\":false}']},CustomModelData:6370003,wasd.ring:1b}"}]},
			{"type": "item","weight": 15,"name": "minecraft:gold_nugget","functions": [{"function": "set_count","count": {"min": 1,"max": 1}},{"function": "set_nbt","tag": "{display:{Name:'{\"text\":\"Armor Ring 1\",\"color\":\"gray\",\"italic\":false}',Lore:['{\"text\":\"Increased defense at the cost of attack damage.\",\"color\":\"white\",\"italic\":false}']},CustomModelData:6370004,wasd.ring:1b}"}]},
			{"type": "item","weight": 7,"name": "minecraft:gold_nugget","functions": [{"function": "set_count","count": {"min": 1,"max": 1}},{"function": "set_nbt","tag": "{display:{Name:'{\"text\":\"Armor Ring 2\",\"color\":\"yellow\",\"italic\":false}',Lore:['{\"text\":\"Increased defense at the cost of attack damage.\",\"color\":\"white\",\"italic\":false}']},CustomModelData:6370005,wasd.ring:1b}"}]},
			{"type": "item","weight": 3,"name": "minecraft:gold_nugget","functions": [{"function": "set_count","count": {"min": 1,"max": 1}},{"function": "set_nbt","tag": "{display:{Name:'{\"text\":\"Armor Ring 3\",\"color\":\"gold\",\"italic\":false}',Lore:['{\"text\":\"Increased defense at the cost of attack damage.\",\"color\":\"white\",\"italic\":false}']},CustomModelData:6370006,wasd.ring:1b}"}]},
			{"type": "item","weight": 7,"name": "minecraft:gold_nugget","functions": [{"function": "set_count","count": {"min": 1,"max": 1}},{"function": "set_nbt","tag": "{display:{Name:'{\"text\":\"Red Ring\",\"color\":\"yellow\",\"italic\":false}',Lore:['{\"text\":\"Attack damage increased.\",\"color\":\"white\",\"italic\":false}']},CustomModelData:6370007,wasd.ring:1b}"}]},
			{"type": "item","weight": 3,"name": "minecraft:gold_nugget","functions": [{"function": "set_count","count": {"min": 1,"max": 1}},{"function": "set_nbt","tag": "{display:{Name:'{\"text\":\"Blue Ring\",\"color\":\"yellow\",\"italic\":false}',Lore:['{\"text\":\"Defense Increased.\",\"color\":\"white\",\"italic\":false}']},CustomModelData:6370008,wasd.ring:1b}"}]},
			{"type": "item","weight": 7,"name": "minecraft:gold_nugget","functions": [{"function": "set_count","count": {"min": 1,"max": 1}},{"function": "set_nbt","tag": "{display:{Name:'{\"text\":\"Green Ring\",\"color\":\"yellow\",\"italic\":false}',Lore:['{\"text\":\"Magic regeneration increased. Requires The WASD Magic Meter.\",\"color\":\"white\",\"italic\":false}']},CustomModelData:6370009,wasd.ring:1b}"}]},
			{"type": "item","weight": 7,"name": "minecraft:gold_nugget","functions": [{"function": "set_count","count": {"min": 1,"max": 1}},{"function": "set_nbt","tag": "{display:{Name:'{\"text\":\"Heart Ring 1\",\"color\":\"gold\",\"italic\":false}',Lore:['{\"text\":\"Slow health regeneration.\",\"color\":\"white\",\"italic\":false}']},CustomModelData:6370010,wasd.ring:1b}"}]},
			{"type": "item","weight": 7,"name": "minecraft:gold_nugget","functions": [{"function": "set_count","count": {"min": 1,"max": 1}},{"function": "set_nbt","tag": "{display:{Name:'{\"text\":\"Heart Ring 2\",\"color\":\"red\",\"italic\":false}',Lore:['{\"text\":\"Health regeneration.\",\"color\":\"white\",\"italic\":false}']},CustomModelData:6370011,wasd.ring:1b}"}]},
			{"type": "item","weight": 3,"name": "minecraft:gold_nugget","functions": [{"function": "set_count","count": {"min": 1,"max": 1}},{"function": "set_nbt","tag": "{display:{Name:'{\"text\":\"Swimmer\\'s Ring\",\"color\":\"yellow\",\"italic\":false}',Lore:['{\"text\":\"Breath underwater.\",\"color\":\"white\",\"italic\":false}']},CustomModelData:6370012,wasd.ring:1b}"}]},
			{"type": "item","weight": 1,"name": "minecraft:gold_nugget","functions": [{"function": "set_count","count": {"min": 1,"max": 1}},{"function": "set_nbt","tag": "{display:{Name:'{\"text\":\"Zora Ring\",\"color\":\"red\",\"italic\":false}',Lore:['{\"text\":\"Breath and sight underwater.\",\"color\":\"white\",\"italic\":false}']},CustomModelData:6370013,wasd.ring:1b}"}]},
			{"type": "item","weight": 7,"name": "minecraft:gold_nugget","functions": [{"function": "set_count","count": {"min": 1,"max": 1}},{"function": "set_nbt","tag": "{display:{Name:'{\"text\":\"Bombproof Ring\",\"color\":\"gold\",\"italic\":false}',Lore:['{\"text\":\"Take no damage from player caused explosions.\",\"color\":\"white\",\"italic\":false}']},CustomModelData:6370014,wasd.ring:1b}"}]},
			{"type": "item","weight": 1,"name": "minecraft:gold_nugget","functions": [{"function": "set_count","count": {"min": 1,"max": 1}},{"function": "set_nbt","tag": "{display:{Name:'{\"text\":\"Fireproof Ring 1\",\"color\":\"yellow\",\"italic\":false}',Lore:['{\"text\":\"Take no fire damage. Not as effective in lava.\",\"color\":\"white\",\"italic\":false}']},CustomModelData:6370015,wasd.ring:1b}"}]},
			{"type": "item","weight": 1,"name": "minecraft:gold_nugget","functions": [{"function": "set_count","count": {"min": 1,"max": 1}},{"function": "set_nbt","tag": "{display:{Name:'{\"text\":\"Fireproof Ring 2\",\"color\":\"red\",\"italic\":false}',Lore:['{\"text\":\"Take no fire or lava damage.\",\"color\":\"white\",\"italic\":false}']},CustomModelData:6370016,wasd.ring:1b}"}]},
			{"type": "item","weight": 7,"name": "minecraft:gold_nugget","functions": [{"function": "set_count","count": {"min": 1,"max": 1}},{"function": "set_nbt","tag": "{display:{Name:'{\"text\":\"Iceproof Ring\",\"color\":\"yellow\",\"italic\":false}',Lore:['{\"text\":\"Cannot be frozen. Requires other WASD Packs.\",\"color\":\"white\",\"italic\":false}']},CustomModelData:6370017,wasd.ring:1b}"}]},
			{"type": "item","weight": 7,"name": "minecraft:gold_nugget","functions": [{"function": "set_count","count": {"min": 1,"max": 1}},{"function": "set_nbt","tag": "{display:{Name:'{\"text\":\"Lightningproof Ring\",\"color\":\"yellow\",\"italic\":false}',Lore:['{\"text\":\"Cannot be electrically stunned. Requires other WASD Packs.\",\"color\":\"white\",\"italic\":false}']},CustomModelData:6370018,wasd.ring:1b}"}]},
			{"type": "item","weight": 3,"name": "minecraft:gold_nugget","functions": [{"function": "set_count","count": {"min": 1,"max": 1}},{"function": "set_nbt","tag": "{display:{Name:'{\"text\":\"Green Joy Ring\",\"color\":\"gold\",\"italic\":false}',Lore:['{\"text\":\"Increased Mining Speed.\",\"color\":\"white\",\"italic\":false}']},CustomModelData:6370019,wasd.ring:1b}"}]},
			{"type": "item","weight": 1,"name": "minecraft:gold_nugget","functions": [{"function": "set_count","count": {"min": 1,"max": 1}},{"function": "set_nbt","tag": "{display:{Name:'{\"text\":\"Discovery Ring\",\"color\":\"red\",\"italic\":false}',Lore:['{\"text\":\"Faster Increased Mining Speed.\",\"color\":\"white\",\"italic\":false}']},CustomModelData:6370020,wasd.ring:1b}"}]},
			{"type": "item","weight": 3,"name": "minecraft:gold_nugget","functions": [{"function": "set_count","count": {"min": 1,"max": 1}},{"function": "set_nbt","tag": "{display:{Name:'{\"text\":\"Pegasus Ring\",\"color\":\"gold\",\"italic\":false}',Lore:['{\"text\":\"Increased Run Speed.\",\"color\":\"white\",\"italic\":false}']},CustomModelData:6370021,wasd.ring:1b}"}]},
			{"type": "item","weight": 1,"name": "minecraft:gold_nugget","functions": [{"function": "set_count","count": {"min": 1,"max": 1}},{"function": "set_nbt","tag": "{display:{Name:'{\"text\":\"Gold Luck Ring\",\"color\":\"red\",\"italic\":false}',Lore:['{\"text\":\"Fall damage resistance.\",\"color\":\"white\",\"italic\":false}']},CustomModelData:6370022,wasd.ring:1b}"}]},
			{"type": "item","weight": 3,"name": "minecraft:gold_nugget","functions": [{"function": "set_count","count": {"min": 1,"max": 1}},{"function": "set_nbt","tag": "{display:{Name:'{\"text\":\"Steadfast Ring\",\"color\":\"gold\",\"italic\":false}',Lore:['{\"text\":\"Knockback Resistance.\",\"color\":\"white\",\"italic\":false}']},CustomModelData:6370023,wasd.ring:1b,AttributeModifiers:[{AttributeName:\"generic.knockback_resistance\",Name:\"generic.knockback_resistance\",Amount:10,Operation:0,UUID:[I;-1517231481,-1110160549,-2086960886,902505444],Slot:\"offhand\"}]}"}]}
		],
		"conditions": [
			{
			  "condition": "minecraft:entity_scores",
			  "entity": "this",
			  "scores": {
				"wasd.ring_chance": 5
			  }
			}
		  ]},

		{"rolls": {"min": 4,"max": 7},"entries": [
			{"type": "item","weight": 15,"name": "minecraft:gold_nugget","functions": [{"function": "set_count","count": {"min": 1,"max": 1}},{"function": "set_nbt","tag": "{display:{Name:'{\"text\":\"Power Ring 1\",\"color\":\"gray\",\"italic\":false}',Lore:['{\"text\":\"Increased attack damage at the cost of mining speed.\",\"color\":\"white\",\"italic\":false}']},CustomModelData:6370001,wasd.ring:1b}"}]},
			{"type": "item","weight": 7,"name": "minecraft:gold_nugget","functions": [{"function": "set_count","count": {"min": 1,"max": 1}},{"function": "set_nbt","tag": "{display:{Name:'{\"text\":\"Power Ring 2\",\"color\":\"yellow\",\"italic\":false}',Lore:['{\"text\":\"Increased attack damage at the cost of mining speed.\",\"color\":\"white\",\"italic\":false}']},CustomModelData:6370002,wasd.ring:1b}"}]},
			{"type": "item","weight": 3,"name": "minecraft:gold_nugget","functions": [{"function": "set_count","count": {"min": 1,"max": 1}},{"function": "set_nbt","tag": "{display:{Name:'{\"text\":\"Power Ring 3\",\"color\":\"gold\",\"italic\":false}',Lore:['{\"text\":\"Increased attack damage at the cost of mining speed.\",\"color\":\"white\",\"italic\":false}']},CustomModelData:6370003,wasd.ring:1b}"}]},
			{"type": "item","weight": 15,"name": "minecraft:gold_nugget","functions": [{"function": "set_count","count": {"min": 1,"max": 1}},{"function": "set_nbt","tag": "{display:{Name:'{\"text\":\"Armor Ring 1\",\"color\":\"gray\",\"italic\":false}',Lore:['{\"text\":\"Increased defense at the cost of attack damage.\",\"color\":\"white\",\"italic\":false}']},CustomModelData:6370004,wasd.ring:1b}"}]},
			{"type": "item","weight": 7,"name": "minecraft:gold_nugget","functions": [{"function": "set_count","count": {"min": 1,"max": 1}},{"function": "set_nbt","tag": "{display:{Name:'{\"text\":\"Armor Ring 2\",\"color\":\"yellow\",\"italic\":false}',Lore:['{\"text\":\"Increased defense at the cost of attack damage.\",\"color\":\"white\",\"italic\":false}']},CustomModelData:6370005,wasd.ring:1b}"}]},
			{"type": "item","weight": 3,"name": "minecraft:gold_nugget","functions": [{"function": "set_count","count": {"min": 1,"max": 1}},{"function": "set_nbt","tag": "{display:{Name:'{\"text\":\"Armor Ring 3\",\"color\":\"gold\",\"italic\":false}',Lore:['{\"text\":\"Increased defense at the cost of attack damage.\",\"color\":\"white\",\"italic\":false}']},CustomModelData:6370006,wasd.ring:1b}"}]},
			{"type": "item","weight": 7,"name": "minecraft:gold_nugget","functions": [{"function": "set_count","count": {"min": 1,"max": 1}},{"function": "set_nbt","tag": "{display:{Name:'{\"text\":\"Red Ring\",\"color\":\"yellow\",\"italic\":false}',Lore:['{\"text\":\"Attack damage increased.\",\"color\":\"white\",\"italic\":false}']},CustomModelData:6370007,wasd.ring:1b}"}]},
			{"type": "item","weight": 3,"name": "minecraft:gold_nugget","functions": [{"function": "set_count","count": {"min": 1,"max": 1}},{"function": "set_nbt","tag": "{display:{Name:'{\"text\":\"Blue Ring\",\"color\":\"yellow\",\"italic\":false}',Lore:['{\"text\":\"Defense Increased.\",\"color\":\"white\",\"italic\":false}']},CustomModelData:6370008,wasd.ring:1b}"}]},
			{"type": "item","weight": 7,"name": "minecraft:gold_nugget","functions": [{"function": "set_count","count": {"min": 1,"max": 1}},{"function": "set_nbt","tag": "{display:{Name:'{\"text\":\"Green Ring\",\"color\":\"yellow\",\"italic\":false}',Lore:['{\"text\":\"Magic regeneration increased. Requires The WASD Magic Meter.\",\"color\":\"white\",\"italic\":false}']},CustomModelData:6370009,wasd.ring:1b}"}]},
			{"type": "item","weight": 7,"name": "minecraft:gold_nugget","functions": [{"function": "set_count","count": {"min": 1,"max": 1}},{"function": "set_nbt","tag": "{display:{Name:'{\"text\":\"Heart Ring 1\",\"color\":\"gold\",\"italic\":false}',Lore:['{\"text\":\"Slow health regeneration.\",\"color\":\"white\",\"italic\":false}']},CustomModelData:6370010,wasd.ring:1b}"}]},
			{"type": "item","weight": 7,"name": "minecraft:gold_nugget","functions": [{"function": "set_count","count": {"min": 1,"max": 1}},{"function": "set_nbt","tag": "{display:{Name:'{\"text\":\"Heart Ring 2\",\"color\":\"red\",\"italic\":false}',Lore:['{\"text\":\"Health regeneration.\",\"color\":\"white\",\"italic\":false}']},CustomModelData:6370011,wasd.ring:1b}"}]},
			{"type": "item","weight": 3,"name": "minecraft:gold_nugget","functions": [{"function": "set_count","count": {"min": 1,"max": 1}},{"function": "set_nbt","tag": "{display:{Name:'{\"text\":\"Swimmer\\'s Ring\",\"color\":\"yellow\",\"italic\":false}',Lore:['{\"text\":\"Breath underwater.\",\"color\":\"white\",\"italic\":false}']},CustomModelData:6370012,wasd.ring:1b}"}]},
			{"type": "item","weight": 1,"name": "minecraft:gold_nugget","functions": [{"function": "set_count","count": {"min": 1,"max": 1}},{"function": "set_nbt","tag": "{display:{Name:'{\"text\":\"Zora Ring\",\"color\":\"red\",\"italic\":false}',Lore:['{\"text\":\"Breath and sight underwater.\",\"color\":\"white\",\"italic\":false}']},CustomModelData:6370013,wasd.ring:1b}"}]},
			{"type": "item","weight": 7,"name": "minecraft:gold_nugget","functions": [{"function": "set_count","count": {"min": 1,"max": 1}},{"function": "set_nbt","tag": "{display:{Name:'{\"text\":\"Bombproof Ring\",\"color\":\"gold\",\"italic\":false}',Lore:['{\"text\":\"Take no damage from player caused explosions.\",\"color\":\"white\",\"italic\":false}']},CustomModelData:6370014,wasd.ring:1b}"}]},
			{"type": "item","weight": 1,"name": "minecraft:gold_nugget","functions": [{"function": "set_count","count": {"min": 1,"max": 1}},{"function": "set_nbt","tag": "{display:{Name:'{\"text\":\"Fireproof Ring 1\",\"color\":\"yellow\",\"italic\":false}',Lore:['{\"text\":\"Take no fire damage. Not as effective in lava.\",\"color\":\"white\",\"italic\":false}']},CustomModelData:6370015,wasd.ring:1b}"}]},
			{"type": "item","weight": 1,"name": "minecraft:gold_nugget","functions": [{"function": "set_count","count": {"min": 1,"max": 1}},{"function": "set_nbt","tag": "{display:{Name:'{\"text\":\"Fireproof Ring 2\",\"color\":\"red\",\"italic\":false}',Lore:['{\"text\":\"Take no fire or lava damage.\",\"color\":\"white\",\"italic\":false}']},CustomModelData:6370016,wasd.ring:1b}"}]},
			{"type": "item","weight": 7,"name": "minecraft:gold_nugget","functions": [{"function": "set_count","count": {"min": 1,"max": 1}},{"function": "set_nbt","tag": "{display:{Name:'{\"text\":\"Iceproof Ring\",\"color\":\"yellow\",\"italic\":false}',Lore:['{\"text\":\"Cannot be frozen. Requires other WASD Packs.\",\"color\":\"white\",\"italic\":false}']},CustomModelData:6370017,wasd.ring:1b}"}]},
			{"type": "item","weight": 7,"name": "minecraft:gold_nugget","functions": [{"function": "set_count","count": {"min": 1,"max": 1}},{"function": "set_nbt","tag": "{display:{Name:'{\"text\":\"Lightningproof Ring\",\"color\":\"yellow\",\"italic\":false}',Lore:['{\"text\":\"Cannot be electrically stunned. Requires other WASD Packs.\",\"color\":\"white\",\"italic\":false}']},CustomModelData:6370018,wasd.ring:1b}"}]},
			{"type": "item","weight": 3,"name": "minecraft:gold_nugget","functions": [{"function": "set_count","count": {"min": 1,"max": 1}},{"function": "set_nbt","tag": "{display:{Name:'{\"text\":\"Green Joy Ring\",\"color\":\"gold\",\"italic\":false}',Lore:['{\"text\":\"Increased Mining Speed.\",\"color\":\"white\",\"italic\":false}']},CustomModelData:6370019,wasd.ring:1b}"}]},
			{"type": "item","weight": 1,"name": "minecraft:gold_nugget","functions": [{"function": "set_count","count": {"min": 1,"max": 1}},{"function": "set_nbt","tag": "{display:{Name:'{\"text\":\"Discovery Ring\",\"color\":\"red\",\"italic\":false}',Lore:['{\"text\":\"Faster Increased Mining Speed.\",\"color\":\"white\",\"italic\":false}']},CustomModelData:6370020,wasd.ring:1b}"}]},
			{"type": "item","weight": 3,"name": "minecraft:gold_nugget","functions": [{"function": "set_count","count": {"min": 1,"max": 1}},{"function": "set_nbt","tag": "{display:{Name:'{\"text\":\"Pegasus Ring\",\"color\":\"gold\",\"italic\":false}',Lore:['{\"text\":\"Increased Run Speed.\",\"color\":\"white\",\"italic\":false}']},CustomModelData:6370021,wasd.ring:1b}"}]},
			{"type": "item","weight": 1,"name": "minecraft:gold_nugget","functions": [{"function": "set_count","count": {"min": 1,"max": 1}},{"function": "set_nbt","tag": "{display:{Name:'{\"text\":\"Gold Luck Ring\",\"color\":\"red\",\"italic\":false}',Lore:['{\"text\":\"Fall damage resistance.\",\"color\":\"white\",\"italic\":false}']},CustomModelData:6370022,wasd.ring:1b}"}]},
			{"type": "item","weight": 3,"name": "minecraft:gold_nugget","functions": [{"function": "set_count","count": {"min": 1,"max": 1}},{"function": "set_nbt","tag": "{display:{Name:'{\"text\":\"Steadfast Ring\",\"color\":\"gold\",\"italic\":false}',Lore:['{\"text\":\"Knockback Resistance.\",\"color\":\"white\",\"italic\":false}']},CustomModelData:6370023,wasd.ring:1b,AttributeModifiers:[{AttributeName:\"generic.knockback_resistance\",Name:\"generic.knockback_resistance\",Amount:10,Operation:0,UUID:[I;-1517231481,-1110160549,-2086960886,902505444],Slot:\"offhand\"}]}"}]}
		],
		"conditions": [
			{
			  "condition": "minecraft:entity_scores",
			  "entity": "this",
			  "scores": {
				"wasd.ring_chance": 6
			  }
			}
		  ]}


	]
}
