[
  [
    "lastUpdate",
    "Sat Jul 24 2021 22:43:22 GMT-0500 (Central Daylight Time)"
  ],
  [
    "INTERNAL/VIRTUAL_FILE_SYSTEM",
    {
      "src\\macros\\aoe_projectile.mcm": {},
      "src\\macros\\change_item_count.mcm": {},
      "src\\macros\\change_item_damage.mcm": {},
      "src\\macros\\deal_damage.mcm": {},
      "src\\macros\\enderman_teleport.mcm": {},
      "src\\macros\\explode.mcm": {},
      "src\\macros\\fake_creeper_explode.mcm": {},
      "src\\macros\\fake_explode.mcm": {},
      "src\\macros\\fire_explode.mcm": {},
      "src\\macros\\give_generic_block.mcm": {},
      "src\\macros\\give_generic_item.mcm": {},
      "src\\macros\\ice_explode.mcm": {},
      "src\\macros\\lightning_explode.mcm": {},
      "src\\macros\\raytrace.mcm": {},
      "src\\macros\\recipe.mcm": {
        "data\\minecraft\\tags\\functions\\load.json": 1981430618,
        "data\\minecraft\\tags\\functions\\tick.json": 3360878569,
        "data\\wasd.bows\\functions\\load.mcfunction": 2359365233,
        "data\\wasd.bows\\functions\\outdated_lib.mcfunction": 2894592518,
        "data\\wasd.bows\\functions\\__generated__\\block\\2.mcfunction": 2452029767,
        "data\\wasd.bows\\functions\\__generated__\\block\\1.mcfunction": 393083796,
        "data\\wasd.bows\\functions\\__generated__\\block\\0.mcfunction": 3386836956,
        "data\\wasd.bows\\functions\\tick.mcfunction": 3752843164,
        "data\\wasd.bows\\functions\\give_items.mcfunction": 2764968462,
        "data\\wasd.bows\\functions\\give_dev.mcfunction": 1273327126,
        "data\\wasd.bows\\functions\\__generated__\\execute\\70.mcfunction": 419207517,
        "data\\wasd.bows\\functions\\recipes.mcfunction": 2751834484,
        "data\\wasd.bows\\functions\\determine_bow.mcfunction": 3796598326,
        "data\\wasd.bows\\functions\\__generated__\\block\\3.mcfunction": 3929158919,
        "data\\wasd.bows\\functions\\__generated__\\block\\4.mcfunction": 2631469922,
        "data\\wasd.bows\\functions\\__generated__\\block\\5.mcfunction": 2414283807,
        "data\\wasd.bows\\functions\\__generated__\\block\\6.mcfunction": 1069781845,
        "data\\wasd.bows\\functions\\__generated__\\block\\7.mcfunction": 1144359366,
        "data\\wasd.bows\\functions\\__generated__\\block\\8.mcfunction": 3572911670,
        "data\\wasd.bows\\functions\\__generated__\\block\\9.mcfunction": 3681136251,
        "data\\wasd.bows\\functions\\__generated__\\block\\10.mcfunction": 4216926266,
        "data\\wasd.bows\\functions\\__generated__\\block\\11.mcfunction": 2254691217,
        "data\\wasd.bows\\functions\\__generated__\\block\\12.mcfunction": 247124674,
        "data\\wasd.bows\\functions\\__generated__\\block\\13.mcfunction": 247124674,
        "data\\wasd.bows\\functions\\__generated__\\block\\14.mcfunction": 3409992557,
        "data\\wasd.bows\\functions\\determine_arrow.mcfunction": 594154449,
        "data\\wasd.bows\\functions\\__generated__\\block\\15.mcfunction": 3778751895,
        "data\\wasd.bows\\functions\\as_entities.mcfunction": 3896575029,
        "data\\wasd.bows\\functions\\arrow_hit.mcfunction": 3223192701,
        "data\\wasd.bows\\functions\\bows\\shared.mcfunction": 2841210085,
        "data\\wasd.bows\\functions\\bows\\ice.mcfunction": 2305006316,
        "data\\wasd.bows\\functions\\bows\\lightning.mcfunction": 3392859102,
        "data\\wasd.bows\\functions\\bows\\honey.mcfunction": 2549938170,
        "data\\wasd.bows\\functions\\bows\\slime.mcfunction": 3685550338,
        "data\\wasd.bows\\functions\\bows\\firework.mcfunction": 3531670689,
        "data\\wasd.bows\\functions\\bows\\tnt.mcfunction": 3109938030,
        "data\\wasd.bows\\functions\\bows\\critical.mcfunction": 326393721,
        "data\\wasd.bows\\functions\\bows\\rainbow.mcfunction": 2186787922,
        "data\\wasd.bows\\functions\\bows\\quartz.mcfunction": 3434547096,
        "data\\wasd.bows\\functions\\bows\\prismarine.mcfunction": 1210744393,
        "data\\wasd.bows\\functions\\bows\\shulker.mcfunction": 3656423651,
        "data\\wasd.bows\\functions\\bows\\chorus.mcfunction": 2735250504,
        "data\\wasd.bows\\functions\\bows\\glowstone.mcfunction": 1679204735,
        "data\\wasd.bows\\functions\\bows\\emerald.mcfunction": 3799526408,
        "data\\wasd.bows\\functions\\bows\\random.mcfunction": 846272120,
        "data\\wasd.bows\\functions\\bows\\armor_piercing.mcfunction": 2557789984,
        "data\\wasd.bows\\functions\\bows\\shooting_star.mcfunction": 510390296,
        "data\\wasd.bows\\functions\\bows\\squid.mcfunction": 3695340171,
        "data\\wasd.bows\\functions\\bows\\bee.mcfunction": 2635822398
      },
      "src\\macros\\rotated_block.mcm": {
        "data\\minecraft\\tags\\functions\\load.json": 1981430618,
        "data\\minecraft\\tags\\functions\\tick.json": 3360878569,
        "data\\wasd.bows\\functions\\load.mcfunction": 2359365233,
        "data\\wasd.bows\\functions\\outdated_lib.mcfunction": 2894592518,
        "data\\wasd.bows\\functions\\__generated__\\block\\2.mcfunction": 2452029767,
        "data\\wasd.bows\\functions\\__generated__\\block\\1.mcfunction": 393083796,
        "data\\wasd.bows\\functions\\__generated__\\block\\0.mcfunction": 3386836956,
        "data\\wasd.bows\\functions\\tick.mcfunction": 3752843164,
        "data\\wasd.bows\\functions\\give_items.mcfunction": 2764968462,
        "data\\wasd.bows\\functions\\give_dev.mcfunction": 1273327126,
        "data\\wasd.bows\\functions\\__generated__\\execute\\70.mcfunction": 419207517,
        "data\\wasd.bows\\functions\\recipes.mcfunction": 2751834484,
        "data\\wasd.bows\\functions\\determine_bow.mcfunction": 3796598326,
        "data\\wasd.bows\\functions\\__generated__\\block\\3.mcfunction": 3929158919,
        "data\\wasd.bows\\functions\\__generated__\\block\\4.mcfunction": 2631469922,
        "data\\wasd.bows\\functions\\__generated__\\block\\5.mcfunction": 2414283807,
        "data\\wasd.bows\\functions\\__generated__\\block\\6.mcfunction": 1069781845,
        "data\\wasd.bows\\functions\\__generated__\\block\\7.mcfunction": 1144359366,
        "data\\wasd.bows\\functions\\__generated__\\block\\8.mcfunction": 3572911670,
        "data\\wasd.bows\\functions\\__generated__\\block\\9.mcfunction": 3681136251,
        "data\\wasd.bows\\functions\\__generated__\\block\\10.mcfunction": 4216926266,
        "data\\wasd.bows\\functions\\__generated__\\block\\11.mcfunction": 2254691217,
        "data\\wasd.bows\\functions\\__generated__\\block\\12.mcfunction": 247124674,
        "data\\wasd.bows\\functions\\__generated__\\block\\13.mcfunction": 247124674,
        "data\\wasd.bows\\functions\\__generated__\\block\\14.mcfunction": 3409992557,
        "data\\wasd.bows\\functions\\determine_arrow.mcfunction": 594154449,
        "data\\wasd.bows\\functions\\__generated__\\block\\15.mcfunction": 3778751895,
        "data\\wasd.bows\\functions\\as_entities.mcfunction": 3896575029,
        "data\\wasd.bows\\functions\\arrow_hit.mcfunction": 3223192701,
        "data\\wasd.bows\\functions\\bows\\shared.mcfunction": 2841210085,
        "data\\wasd.bows\\functions\\bows\\ice.mcfunction": 2305006316,
        "data\\wasd.bows\\functions\\bows\\lightning.mcfunction": 3392859102,
        "data\\wasd.bows\\functions\\bows\\honey.mcfunction": 2549938170,
        "data\\wasd.bows\\functions\\bows\\slime.mcfunction": 3685550338,
        "data\\wasd.bows\\functions\\bows\\firework.mcfunction": 3531670689,
        "data\\wasd.bows\\functions\\bows\\tnt.mcfunction": 3109938030,
        "data\\wasd.bows\\functions\\bows\\critical.mcfunction": 326393721,
        "data\\wasd.bows\\functions\\bows\\rainbow.mcfunction": 2186787922,
        "data\\wasd.bows\\functions\\bows\\quartz.mcfunction": 3434547096,
        "data\\wasd.bows\\functions\\bows\\prismarine.mcfunction": 1210744393,
        "data\\wasd.bows\\functions\\bows\\shulker.mcfunction": 3656423651,
        "data\\wasd.bows\\functions\\bows\\chorus.mcfunction": 2735250504,
        "data\\wasd.bows\\functions\\bows\\glowstone.mcfunction": 1679204735,
        "data\\wasd.bows\\functions\\bows\\emerald.mcfunction": 3799526408,
        "data\\wasd.bows\\functions\\bows\\random.mcfunction": 846272120,
        "data\\wasd.bows\\functions\\bows\\armor_piercing.mcfunction": 2557789984,
        "data\\wasd.bows\\functions\\bows\\shooting_star.mcfunction": 510390296,
        "data\\wasd.bows\\functions\\bows\\squid.mcfunction": 3695340171,
        "data\\wasd.bows\\functions\\bows\\bee.mcfunction": 2635822398
      },
      "src\\macros\\spawn_aoe_projectile.mcm": {},
      "src\\macros\\tnt_explode.mcm": {},
      "src\\macros\\wind_explode.mcm": {},
      "src\\wasd.bows.mc": {
        "data\\minecraft\\tags\\functions\\load.json": 1981430618,
        "data\\minecraft\\tags\\functions\\tick.json": 3360878569,
        "data\\wasd.bows\\functions\\load.mcfunction": 2359365233,
        "data\\wasd.bows\\functions\\outdated_lib.mcfunction": 2894592518,
        "data\\wasd.bows\\functions\\__generated__\\block\\2.mcfunction": 2452029767,
        "data\\wasd.bows\\functions\\__generated__\\block\\1.mcfunction": 393083796,
        "data\\wasd.bows\\functions\\__generated__\\block\\0.mcfunction": 3386836956,
        "data\\wasd.bows\\functions\\tick.mcfunction": 3752843164,
        "data\\wasd.bows\\functions\\give_items.mcfunction": 2764968462,
        "data\\wasd.bows\\functions\\give_dev.mcfunction": 1273327126,
        "data\\wasd.bows\\functions\\__generated__\\execute\\70.mcfunction": 419207517,
        "data\\wasd.bows\\functions\\recipes.mcfunction": 2751834484,
        "data\\wasd.bows\\functions\\determine_bow.mcfunction": 3796598326,
        "data\\wasd.bows\\functions\\__generated__\\block\\3.mcfunction": 3929158919,
        "data\\wasd.bows\\functions\\__generated__\\block\\4.mcfunction": 2631469922,
        "data\\wasd.bows\\functions\\__generated__\\block\\5.mcfunction": 2414283807,
        "data\\wasd.bows\\functions\\__generated__\\block\\6.mcfunction": 1069781845,
        "data\\wasd.bows\\functions\\__generated__\\block\\7.mcfunction": 1144359366,
        "data\\wasd.bows\\functions\\__generated__\\block\\8.mcfunction": 3572911670,
        "data\\wasd.bows\\functions\\__generated__\\block\\9.mcfunction": 3681136251,
        "data\\wasd.bows\\functions\\__generated__\\block\\10.mcfunction": 4216926266,
        "data\\wasd.bows\\functions\\__generated__\\block\\11.mcfunction": 2254691217,
        "data\\wasd.bows\\functions\\__generated__\\block\\12.mcfunction": 247124674,
        "data\\wasd.bows\\functions\\__generated__\\block\\13.mcfunction": 247124674,
        "data\\wasd.bows\\functions\\__generated__\\block\\14.mcfunction": 3409992557,
        "data\\wasd.bows\\functions\\determine_arrow.mcfunction": 594154449,
        "data\\wasd.bows\\functions\\__generated__\\block\\15.mcfunction": 3778751895,
        "data\\wasd.bows\\functions\\as_entities.mcfunction": 3896575029,
        "data\\wasd.bows\\functions\\arrow_hit.mcfunction": 3223192701,
        "data\\wasd.bows\\functions\\bows\\shared.mcfunction": 2841210085,
        "data\\wasd.bows\\functions\\bows\\ice.mcfunction": 2305006316,
        "data\\wasd.bows\\functions\\bows\\lightning.mcfunction": 3392859102,
        "data\\wasd.bows\\functions\\bows\\honey.mcfunction": 2549938170,
        "data\\wasd.bows\\functions\\bows\\slime.mcfunction": 3685550338,
        "data\\wasd.bows\\functions\\bows\\firework.mcfunction": 3531670689,
        "data\\wasd.bows\\functions\\bows\\tnt.mcfunction": 3109938030,
        "data\\wasd.bows\\functions\\bows\\critical.mcfunction": 326393721,
        "data\\wasd.bows\\functions\\bows\\rainbow.mcfunction": 2186787922,
        "data\\wasd.bows\\functions\\bows\\quartz.mcfunction": 3434547096,
        "data\\wasd.bows\\functions\\bows\\prismarine.mcfunction": 1210744393,
        "data\\wasd.bows\\functions\\bows\\shulker.mcfunction": 3656423651,
        "data\\wasd.bows\\functions\\bows\\chorus.mcfunction": 2735250504,
        "data\\wasd.bows\\functions\\bows\\glowstone.mcfunction": 1679204735,
        "data\\wasd.bows\\functions\\bows\\emerald.mcfunction": 3799526408,
        "data\\wasd.bows\\functions\\bows\\random.mcfunction": 846272120,
        "data\\wasd.bows\\functions\\bows\\armor_piercing.mcfunction": 2557789984,
        "data\\wasd.bows\\functions\\bows\\shooting_star.mcfunction": 510390296,
        "data\\wasd.bows\\functions\\bows\\squid.mcfunction": 3695340171,
        "data\\wasd.bows\\functions\\bows\\bee.mcfunction": 2635822398
      },
      "src\\wasd.abilities.mc": {
        "data\\minecraft\\tags\\functions\\load.json": 3035976928,
        "data\\minecraft\\tags\\functions\\tick.json": 3035976928,
        "data\\wasd.abilities\\functions\\determine_ability.mcfunction": 3313626985
      }
    }
  ]
]